address,labeled
0x00000000000007736e2f9aa5630b8c812e1f3fc9,True
0x000f422887ea7d370ff31173fd3b46c8f66a5b1c,True
0x002471c86e9e97d393d84bddfa7d555a7fa2917a,True
0x0055e75217ca5cb5aa8290cd966f9d85751a7993,True
0x007174732705604bbbf77038332dc52fd5a5000c,True
0x00799bbc833d5b168f0410312d2a8fd9e0e3079c,True
0x008932be50098089c6a075d35f4b5182ee549f8a,True
0x0093e5f2a850268c0ca3093c7ea53731296487eb,True
0x00cdc153aa8894d08207719fe921fff964f28ba3,True
0x0104cb63d829142114ba5542ef7046099400eea1,True
0x016606acc6b0cfe537acc221e3bf1bb44b4049ee,True
0x027beefcbad782faf69fad12dee97ed894c68549,True
0x034f854b44d28e26386c1bc37ff9b20c6380b00d,True
0x0392b64b8bfda184f0a72ce37d73dc7df978c4f7,True
0x03bdf69b1322d623836afbd27679a1c0afa067e9,True
0x044c08639bd59beb4f6ec52c0da6cd47283534e8,True
0x04645af26b54bd85dc02ac65054e87362a72cb22,True
0x04c079bb31deed8391015eed8d6b625a40957058,True
0x0577a79cfc63bbc0df38833ff4c4a3bf2095b404,True
0x05cdb1526f6e224e02919a4c018d9784ea25eb3d,True
0x05f51aab068caa6ab7eeb672f88c180f67f17ec7,True
0x0639556f03714a74a5feeaf5736a4a64ff70d206,True
0x077d360f11d220e4d5d831430c81c26c9be7c4a4,True
0x079a892628ebf28d0ed8f00151cff225a093dc63,True
0x09363887a4096b142f3f6b58a7eed2f1a0ff7343,True
0x0975ca9f986eee35f5cbba2d672ad9bc8d2a0844,True
0x0a1820f0ff7dc9fce0a4f0b589ee14ddae88233c,True
0x0a52368d5a7e70d8c927f75ea6618c2c468031d4,True
0x0a98fb70939162725ae66e626fe4b52cff62c2e5,True
0x0b0f7ebf967146566799229394171fc47f1a765a,True
0x0c2f8e43cc0d7184d1057620994fa32f03f64a8d,True
0x0d6b5a54f940bf3d52e438cab785981aaefdf40c,True
0x0d8824ca76e627e9cc8227faa3b3993986ce9e48,True
0x0e747eb2ff0f26fb77c3a1ea67ee07fac2dbb783,True
0x0ee4e2d09aec35bdf08083b649033ac0a41aa75e,True
0x0ff24158220a14398f047a80a513617ddc4f5289,True
0x10374bc1c4ca086e22673dbc4d702fee74c4ffc5,True
0x10c6b61dbf44a083aec3780acf769c77be747e23,True
0x11111112542d85b3ef69ae05771c2dccff4faa26,True
0x1111111254eeb25477b68fb85ed929f73a960582,True
0x1111111254fb6c44bac0bed2854e76f90643097d,True
0x11111254369792b2ca5d084ab5eea397ca8fa48b,True
0x1151314c646ce4e0efd76d1af4760ae66a9fe30f,True
0x1157a2076b9bb22a85cc2c162f20fab3898f4101,True
0x120a270bbc009644e35f0bb6ab13f95b8199c4ad,True
0x12136e543b551ecdfdea9a0ed23ed0eff5505ee0,True
0x121effb8160f7206444f5a57d13c7a4424a237a4,True
0x137ad9c4777e1d36e4b605e745e8f37b2b62e9c5,True
0x13b432914a996b0a48695df9b2d701eda45ff264,True
0x13f4ea83d0bd40e75c8222255bc855a974568dd4,True
0x142800d85a668265a7e3429369473ebca87742a4,True
0x147a95fa1cceccc20b341824952106cb0ee1eded,True
0x14c4017f81675f7ac1321218d4a385a2d3117328,True
0x151b381058f91cf871e7ea1ee83c45326f61e96d,True
0x1522900b6dafac587d499a862861c0869be6e428,True
0x1565f0c48c06bc006095591a4c3fe4a6f39712cf,True
0x1619d743d7dc612e99d5d94ebd6b9695d46f0bf3,True
0x1650683e50e075efc778be4d1a6be929f3831719,True
0x1651d700cd4020334bd185ba4c6e0271ffc0c732,True
0x167a9333bf582556f35bd4d16a7e80e191aa6476,True
0x16905697103cd4ad6a22193b242941b62f660bbc,True
0x17e49502febdf7b3bd3a9842a325036d729b7654,True
0x17f1a51da68d27c94d2a51d92b27b5bd4718b986,True
0x183a6cf1fc6504138d92c9d663094ee774f80038,True
0x1a2a1c938ce3ec39b6d47113c7955baa9dd454f2,True
0x1a8f43e01b78979eb4ef7febec60f32c9a72f58e,True
0x1ab4973a48dc892cd9971ece8e01dcc7688f8f23,True
0x1b93129f05cc2e840135aab154223c75097b69bf,True
0x1bd435f3c054b6e901b7b108a0ab7617c808677b,True
0x1bf68a9d1eaee7826b3593c20a0ca93293cb489a,True
0x1c727a55ea3c11b0ab7d3a361fe0f3c47ce6de5d,True
0x1d1bd550197c7c0787b9ad0aea9c1cca66ee0e90,True
0x1fd6267f0d86f62d88172b998390afee2a1f54b6,True
0x20312e96b1a0568ac31c6630844a962383cc66c2,True
0x20bb82f2db6ff52b42c60ce79cde4c7094ce133f,True
0x20dc0b9520cc2c2be89f247061a2c8e310045949,True
0x20ffe0d07d7f7c2c21a24537538b4cde06c9048a,True
0x2140efd7ba31169c69dfff6cdc66c542f0211825,True
0x21a31ee1afc51d94c2efccaa2092ad1028285549,True
0x21dd5c13925407e5bcec3f27ab11a355a9dafbe3,True
0x22b84d5ffea8b801c0422afe752377a64aa738c2,True
0x236f9f97e0e62388479bf9e5ba4889e46b0273c3,True
0x23f4569002a5a07f0ecf688142eeb6bcd883eef8,True
0x243bec9256c9a3469da22103891465b47583d9f1,True
0x252c8bbef63101ebca22c27951175c6b33c86b07,True
0x25eaff5b179f209cf186b1cdcbfa463a69df4c45,True
0x260ee8f2b0c167e0cd6119b2df923fd061dc1093,True
0x264bd8291fae1d75db2c5f573b07faa6715997b5,True
0x267be1c1d684f78cb4f6a176c4911b741e4ffdc0,True
0x274f3c32c90517975e29dfc209a23f315c1e5fc7,True
0x27899fface558bde9f284ba5c8c91ec79ee60fd6,True
0x2796317b0ff8538f253012862c06787adfb8ceb6,True
0x2819c144d5946404c0516b6f817a960db37d4929,True
0x28c5b0445d0728bc25f143f8eba5c5539fae151a,True
0x28c6c06298d514db089934071355e5743bf21d60,True
0x28ffe35688ffffd0659aee2e34778b0ae4e193ad,True
0x2910543af39aba0cd09dbb2d50200b3e800a63d2,True
0x292f04a44506c2fd49bac032e1ca148c35a478c8,True
0x29af949c3d218c1133bd16257ed029e92defb168,True
0x29d5527caa78f1946a409fa6acaf14a0a4a0274b,True
0x2a5c2568b10a0e826bfa892cf21ba7218310180b,True
0x2a7077399b3e90f5392d55a1dc7046ad8d152348,True
0x2abc22eb9a09ebbe7b41737ccde147f586efeb6a,True
0x2b5634c42055806a59e9107ed44d43c426e58258,True
0x2b645268e2fbb384b423e50089657395f749763a,True
0x2bb97b6cf6ffe53576032c11711d59bd056830ee,True
0x2d187a560cfbd28e1eb2f68534754b0f120459a9,True
0x2db1d8cdf1abe8c70b531a790cdf2ff38aecf652,True
0x2e3a5ea84cb76919f26eda71e2dee9b2a6ae224c,True
0x2eecc9026534fd430ac83c5007b068476fc5dc1f,True
0x2f1233ec3a4930fd95874291db7da9e90dfb2f03,True
0x2f1f7fc76e6cf5ab3e186a2a2fd4fc31952a77cc,True
0x2f2dd99235cb728fc79af575f1325eaa270f0c99,True
0x30146933a3a0babc74ec0b3403bec69281ba5914,True
0x31e9b3373f2ad5d964cad0fd01332d6550cbbde6,True
0x31efc4aeaa7c39e54a33fdc3c46ee2bd70ae0a09,True
0x32143a02fb6484d18c79fa0401c9bf760dd3de68,True
0x32400084c286cf3e17e7b677ea9583e60a000324,True
0x32be343b94f860124dc4fee278fdcbd38c102d88,True
0x32e567e8b527d3194c60ea3c6a5c009d58a0b36d,True
0x33566c9d8be6cf0b23795e0d380e112be9d75836,True
0x33ddd548fe3a082d753e5fe721a26e1ab43e3598,True
0x33de12b5cf336692c6b7cfd3aaf779425067f21c,True
0x340d693ed55d7ba167d184ea76ea2fd092a35bdc,True
0x3613ef1125a078ef96ffc898c4ec28d73c5b8c52,True
0x390de26d772d2e2005c6d1d24afc902bae37a4bb,True
0x39d9f4640b98189540a9c0edcfa95c5e657706aa,True
0x39f6a6c85d39d5abad8a398310c52e7c374f2ba3,True
0x3a723e58c4808dde4591543282adc7d6b378715b,True
0x3ab28ecedea6cdb6feed398e93ae8c7b316b1182,True
0x3b0bc51ab9de1e5b7b6e34e5b960285805c41736,True
0x3b3ae790df4f312e745d270119c6052904fb6790,True
0x3b794929566e3ba0f25e4263e1987828b5c87161,True
0x3b7e71a9f15eebb541c82f88ef020ae7040484f1,True
0x3c73868c9b9ba4d71dec73ff7798a980da996320,True
0x3c979fb790c86e361738ed17588c1e8b4c4cc49a,True
0x3d31a92dc4416b24b5e2a96654a0cb519c92bcf5,True
0x3ee18b2214aff97000d974cf647e7c347e8fa585,True
0x3eebbebecde31d36d6aa7aa4fe2a06159119b659,True
0x3f3a26857b3bde848927fafca975b2ee5bcf1390,True
0x3f5ce5fbfe3e9af3971dd833d26ba9b5c936f0be,True
0x3fc91a3afd70395cd496c647d5a6cc9d4b2b7fad,True
0x3fda25f27211a138adf211f4c060f2149674be6d,True
0x404460039499c774c48248552f802ce5dd482e32,True
0x406c22b8740ae955b04fd11c2061e053807e2a69,True
0x4103c267fba03a1df4fe84bc28092d629fa3f422,True
0x416299aade6443e6f6e8ab67126e65a7f606eef5,True
0x41b309236c87b1bc6fa8eb865833e44158fa991a,True
0x41e29c02713929f800419abe5770faa8a5b4dadc,True
0x4207837d4cd914467eb76bf88c4d6e7ba11ccdf9,True
0x4240781a9ebdb2eb14a183466e8820978b7da4e2,True
0x429bf8ec3330e02401d72beade86000d9a2e19eb,True
0x42cf18596ee08e877d532df1b7cf763059a7ea57,True
0x42d17b7f3532ec2f7c4e4e5e239baa476846e2cd,True
0x43d037a562099a4c2c95b1e2120cc43054450629,True
0x45300136662dd4e58fc0df61e6290dffd992b785,True
0x45a318273749d6eb00f5f6ca3bc7cd3de26d642a,True
0x46340b20830761efd32832a74d7169b29feb9758,True
0x463e5b673d1029989c9b059d36393c539bef9094,True
0x4648451b5f87ff8f0f7d622bd40574bb97e25980,True
0x46f696dddbb9edbf504a4e0226016190995b6dc6,True
0x477b8d5ef7c2c42db84deb555419cd817c336b6f,True
0x48ec5560bfd59b95859965cce48cc244cfdf6b0c,True
0x4945ce2d1b5bd904cac839b7fdabafd19cab982b,True
0x4a5b84fb4c7666692c49f2e11664710aa4d0d2a0,True
0x4ac92d60cb6415232e62db519657c33abdcd102f,True
0x4ad64983349c49defe8d7a4686202d24b25d0ce8,True
0x4b01721f0244e7c5b5f63c20942850e447f5a5ee,True
0x4b729cf402cfcffd057e254924b32241aedc1795,True
0x4c34ae54dc716808e94af3d1d638b8ea3a23fa9b,True
0x4d7f1790644af787933c9ff0e2cff9a9b4299abb,True
0x4d846da8257bb0ebd164eff513dff0f0c2c3c0ba,True
0x4d9079bb4165aeb4084c526a32695dcfd2f77381,True
0x4e5b2e1dc63f6b91cb6cd759936495434c7e972f,True
0x4e667ed19fbf4cd37696d90f5de3f4aeada9599b,True
0x4e80744fa23cec76e1621ce0dfaceb4b1d532e12,True
0x4f6742badb049791cd9a37ea913f2bac38d01279,True
0x4fed1fc4144c223ae3c1553be203cdfcbd38c581,True
0x50002cdfe7ccb0c41f519c6eb0653158d11cd907,True
0x503828976d22510aad0201ac7ec88293211d23da,True
0x50be13b54f3eebbe415d20250598d81280e56772,True
0x50c85e5587d5611cf5cdfba23640bc18b3571665,True
0x51836a753e344257b361519e948ffcaf5fb8d521,True
0x51971c86b04516062c1e708cdc048cb04fbe959f,True
0x521db06bf657ed1d6c98553a70319a8ddbac75a3,True
0x52a258ed593c793251a89bfd36cae158ee9fc4f8,True
0x52b4567c37b48d51198b25caa6e79e4fda6d9734,True
0x5401dbf7da53e1c9dbf484e3d69505815f2f5e6e,True
0x5427fefa711eff984124bfbb1ab6fbf5e3da1820,True
0x5521a68d4f8253fc44bfb1490249369b3e299a4a,True
0x5523d3c98809dddb82c686e152f5c58b1b0fb59e,True
0x55e4d16f9c3041eff17ca32850662f3e9dddbce7,True
0x562680a4dc50ed2f14d75bf31f494cfe0b8d10a1,True
0x563b377a956c80d77a7c613a9343699ad6123911,True
0x564286362092d8e7936f0549571a803b203aaced,True
0x56de1961fda5454e6f8e6d0e3124ff648fd69400,True
0x56eddb7aa87536c09ccc2793473599fd21a8b17f,True
0x57ed6bd35a6ce815079855cd0b21331d1d5d0a0e,True
0x5861b8446a2f6e19a067874c133f04c578928727,True
0x58b704065b7aff3ed351052f8560019e05925023,True
0x58c2cb4a6bee98c309215d0d2a38d7f8aa71211c,True
0x58f56615180a8eea4c462235d9e215f72484b4a3,True
0x595063172c85b1e8ac2fe74fcb6b7dc26844cc2d,True
0x598c60bb7e929f02008a098461fd2faec3f74771,True
0x59a5208b32e627891c389ebafc644145224006e8,True
0x5b31bb52bdd7006ae57f9d9506c0ff995229b63c,True
0x5baeac0a0417a05733884852aa068b706967e790,True
0x5bcbdfb6cc624b959c39a2d16110d1f2d9204f72,True
0x5c3f261290e02ba328af0dcfe2586dba61a358ec,True
0x5d375281582791a38e0348915fa9cbc6139e9c2a,True
0x5d9fe07813a260857cf60639dac710ebb9531a20,True
0x5dd697c77e80c7fda3da1cccd5214c3a75503727,True
0x5e032243d507c743b061ef021e2ec7fcc6d3ab89,True
0x5e809a85aa182a9921edd10a4163745bb3e36284,True
0x5eae73d4d24b2922fe614d4f58018b34a7e20a83,True
0x6081258689a75d253d87ce902a8de3887239fe80,True
0x60f9e80d0d40b2958ac39006635de782096866c3,True
0x610887f0ae329557d1ae067f6b7697ff07032116,True
0x61189da79177950a7272c88c6058b96d4bcd6be2,True
0x618ffd1cdabee36ce5992a857cc7463f21272bd7,True
0x620a3e5cddd2748e111a11810757f419d10b1aac,True
0x64192819ac13ef72bf6b5ae239ac672b43a9af08,True
0x65e2c5175e2e618f48e70343b14c31b280e42d90,True
0x663fd1d7658cd428b256057c3a85d13b710804b6,True
0x674bdf20a0f284d710bc40872100128e2d66bd3f,True
0x68b22215ff74e3606bd5e6c1de8c2d68180c85f7,True
0x68b3465833fb72a70ecdf485e0e4c7bd8665fc45,True
0x691e3cbb2a8f504fc650f21c9af6226051340559,True
0x6a9f6ab41a90d59fc5ef0d373559f39002c22a0f,True
0x6b71dcaa3fb9a4901491b748074a314dad9e980b,True
0x6cc5f688a315f3dc28a7781717a9a798a59fda7b,True
0x6cc8dcbca746a6e4fdefb98e1d0df903b107fd21,True
0x6cf9aa65ebad7028536e353393630e2340ca6049,True
0x6d21266dfcf5541bee9f67c4837aaa72b3bf9303,True
0x6dcd15a0dbefd0700063a4445382d3506391a41a,True
0x6de5bdc580f55bc9dacafcb67b91674040a247e3,True
0x6dfc34609a05bc22319fa4cce1d1e2929548c0d7,True
0x6e5bbe3f4fe7b0ccd74d7da1cbd5cfe3c868bbdc,True
0x6edb9d6547befc3397801c94bb8c97d2e8087e2f,True
0x6edf968da408a9640b8865826429a977a11c5048,True
0x6efb20f61b80f6a7ebe7a107bace58288a51fb34,True
0x6eff3372fa352b239bb24ff91b423a572347000d,True
0x6f48a3e70f0251d1e83a989e62aaa2281a6d5380,True
0x6f50c6bff08ec925232937b204b0ae23c488402a,True
0x6fc48de8f167456b7aa27dd4ecfabba329ea623d,True
0x7071f121c038a98f8a7d485648a27fcd48891ba8,True
0x707c6f7d35798780cefce81b747392198566a186,True
0x708396f17127c42383e3b9014072679b2f60b82f,True
0x70faa28a6b8d6829a4b1e649d26ec9a2a39ba413,True
0x71660c4005ba85c37ccec55d0c4493e66fe775d3,True
0x72bcfa6932feacd91cb2ea44b0731ed8ae04d0d3,True
0x72e5263ff33d2494692d7f94a758aa9f82062f73,True
0x734ac651dd95a339c633cded410228515f97faff,True
0x7355efc63ae731f584380a9838292c7046c1e433,True
0x737901bea3eeb88459df9ef1be8ff3ae1b42a2ba,True
0x738cf6903e6c4e699d1c2dd9ab8b67fcdb3121ea,True
0x73957709695e73fd175582105c44743cf0fb6f2f,True
0x73f8fc2e74302eb2efda125a326655acf0dc2d1b,True
0x7454a609ea877f37fa6d42feca76a8f18de841c7,True
0x74dec05e5b894b0efec69cdf6316971802a2f9a1,True
0x7563758243a262e96880f178aee7817dcf47ab0f,True
0x7580ba923c01783115d79975d6a41b3d38eff8d5,True
0x75e89d5979e4f6fba9f97c104c2f0afb3f1dcb88,True
0x7600977eb9effa627d6bd0da2e5be35e11566341,True
0x766182bfa8b8790d61c4d7e7912c1c3a6f42cef6,True
0x77021d475e36b3ab1921a0e3a8380f069d3263de,True
0x77134cbc06cb00b66f4c7e623d5fdbf6777635ec,True
0x77696bb39917c91a0c3908d577d5e322095425ca,True
0x777f415324d56e1d54fa832902d8797db7a4c57c,True
0x787b8840100d9baadd7463f4a73b5ba73b00c6ca,True
0x794d28ac31bcb136294761a556b68d2634094153,True
0x7a10ec7d68a048bdae36a70e93532d31423170fa,True
0x7a250d5630b4cf539739df2c5dacb4c659f2488d,True
0x7a56f645dcb513d0326cbaa048e9106ff6d4cd5f,True
0x7bacd3e83522f484bc5128ea93bf7290f1f1b9e5,True
0x7be98e1d8f29d23338e61694007d50d67144c7ef,True
0x7c195d981abfdc3ddecd2ca0fed0958430488e34,True
0x7c49e1c0e33f3efb57d64b7690fa287c8d15b90a,True
0x7d8a212940933114dac826efba2f673dc66310d0,True
0x7e278a68a35d76a7e4b2c9d8b778acd775c6d832,True
0x7ed1e469fcb3ee19c0366d829e291451be638e59,True
0x7ee7ca6e75de79e618e88bdf80d0b1db136b22d0,True
0x7ef35bb398e0416b81b019fea395219b65c52164,True
0x808d0aee8db7e7c74faf4b264333afe8c9ccdba4,True
0x8090d19181deabd4b25823cd71bd249a461217aa,True
0x80c67432656d59144ceff962e8faf8926599bcf8,True
0x8216874887415e2650d12d53ff53516f04a74fd7,True
0x8271b2e8cbe29396e9563229030c89679b9470db,True
0x832f166799a407275500430b61b622f0058f15d6,True
0x85b931a32a0725be14285b66f1a22178c672d69b,True
0x85c0d1110c57a329ccd6cc91e50fb4666f2287c3,True
0x86790abbaccd1b21f5ecfdaa67ec6282afbf3e83,True
0x867bfa133d64fad734c89f886d2a169b6504ab2b,True
0x867ffb5a3871b500f65bdfafe0136f9667deae06,True
0x86d3e894b5cdb6a80afffd35ed348868fb98dd3f,True
0x86e284421664840cb65c5b918da59c01ed8fa666,True
0x876eabf441b2ee5b5b0554fd502a8e0600950cfa,True
0x87cbc48075d7aa1760ac71c41e8bc289b6a31f56,True
0x87d243900633045dd0c176fa35ff2f9dc9364280,True
0x881368e08cc5353e0188b2ca0401b5de35f319f4,True
0x88dcdd4a0a58b7e2208805d547043c37dca2b6dc,True
0x8958618332df62af93053cb9c535e26462c959b0,True
0x8a37f0290ae85d08522d2a605617e76128fd0712,True
0x8a7e7a63b401293c4be78769750622b2a6f33494,True
0x8badd8b59ddaf9a12c4910ca1b2e8ea750a71594,True
0x8c8d7c46219d9205f056f28fee5950ad564d7465,True
0x8d56f551b44a6da6072a9608d63d664ce67681a5,True
0x8d76166c22658a144c0211d87abf152e6a2d9d95,True
0x8e01ef6a4d864698ff80b419fe9ec2e3c85e9e9e,True
0x8eb871bbb6f754a04bca23881a7d25a30aad3f23,True
0x8eca806aecc86ce90da803b080ca4e3a9b8097ad,True
0x8f22f2063d253846b53609231ed80fa571bc0c8f,True
0x8fca4ade3a517133ff23ca55cdaea29c78c990b8,True
0x9008d19f58aabd9ed0d60971565aa8510560ab41,True
0x9030a104a49141459f4b419bd6f56e4ba6fcd800,True
0x90e9ddd9d8d5ae4e3763d0cf856c97594dea7325,True
0x912fd21d7a69678227fe6d08c64222db41477ba0,True
0x91337a300e0361bddb2e377dd4e88ccb7796663d,True
0x915d7915f2b469bb654a7d903a5d4417cb8ea7df,True
0x91962711a4d2e4a830b366ce7276d99001e8564b,True
0x91a0a3043f68986043d7083c4d85b558b21f0a7b,True
0x91adf14f4c0782634e04dfc6e9be16d950aa4daa,True
0x926fc576b7facf6ae2d08ee2d4734c134a743988,True
0x935f64b44b5c48a1539c4ada5161d27ace4205b5,True
0x93f36930f94fbb5afc5fb506d3f7abb9179a4e4e,True
0x94b18793b93b524b110fead408b955422b982fa4,True
0x94fe3ad91dacba8ec4b82f56ff7c122181f1535d,True
0x9509665d015bfe3c77aa5ad6ca20c8afa1d98989,True
0x9539e0b14021a43cde41d9d45dc34969be9c7cb0,True
0x95a9bd206ae52c4ba8eecfc93d18eacdd41c88cc,True
0x9696f59e4d72e237be84ffd425dcad154bf96976,True
0x96fc4553a00c117c5b0bed950dd625d1c16dc894,True
0x974caa59e49682cda0ad2bbe82983419a2ecc400,True
0x97b9d2102a9a65a26e1ee82d59e42d1b73b68689,True
0x97e12bd75bdee72d4975d6df410d2d145b3d8457,True
0x98db3a41bf8bf4ded2c92a84ec0705689ddeef8b,True
0x9a31cfbddd97276e43442f34e971decf6dc2d211,True
0x9aa65464b4cfbe3dc2bdb3df412aee2b3de86687,True
0x9acafc3fe25e7da2b8bf49c836619d40e395a859,True
0x9acbb72cf67103a30333a32cd203459c6a9c3311,True
0x9afa066884ce723200438b672c0b8d5769e03a6a,True
0x9ba3560231e3e0ad7dde23106f5b98c72e30b468,True
0x9bc2f223026c252c8ef5f7f33f00f4bee21434b8,True
0x9c19b0497997fe9e75862688a295168070456951,True
0x9c4fa4ee466dff080adccb12d39b99e83cdb1077,True
0x9c67e141c0472115aa1b98bd0088418be68fd249,True
0x9e3ef83728a399d6f5f757e3fa04f4850bbfb5f0,True
0x9e6316f44baeeee5d41a1070516cc5fa47baf227,True
0x9fc6bef0702cf47dcd2e5a42b48e19aed8732499,True
0xa0116a92a032d17a9ce431eabe75c5b5f29e2d5e,True
0xa193c943980a9340f306b3d59deb183dc501b35f,True
0xa1d8d972560c2f8144af871db508f0b0b10a3fbf,True
0xa20f10289248717374e9b7776dc368aa526cb6f2,True
0xa21a16ec22a940990922220e4ab5bf4c2310f556,True
0xa270f3ad1a7a82e6a3157f12a900f1e25bc4fbfd,True
0xa30d8157911ef23c46c0eb71889efe6a648a41f7,True
0xa31974408aad18c1e5c4648d435795fa757ea47f,True
0xa4938e606edfe350d08813a0785ed85d4640d365,True
0xa4ee5581fdcbaaf52c5edb65c8fbb7d3de78b838,True
0xa5d7f0f7027fa8f4d1be8042e1e43bbdec36951e,True
0xa60efe89e07cfcf83eb30f3b063834f0f8b30466,True
0xa75bae74e39dc2f38ee879ec3de9489abe65280e,True
0xa7fb5ca286fc3fd67525629048a4de3ba24cba2e,True
0xa8660c8ffd6d578f657b72c0c811284aef0b735e,True
0xa910f92acdaf488fa6ef02174fb86208ad7722ba,True
0xa95350d70b18fa29f6b5eb8d627ceeeee499340d,True
0xa96b536eef496e21f5432fd258b6f78cf3673f74,True
0xa9bd318a4ca1747e6068d100e18711b529386e29,True
0xa9bff538a906154c80a8dbccd229f3deddfa52d6,True
0xa9d1e08c7793af67e9d92fe308d5697fb81d3e43,True
0xab2109ad7f82bffe7c3cab3fda25e4799c28ea5b,True
0xab782bc7d4a2b306825de5a7730034f8f63ee1bc,True
0xabea9132b05a70803a4e85094fd0e1800777fbef,True
0xae0ee0a63a2ce6baeeffe56e7714fb4efe48d419,True
0xaeec6f5aca72f3a005af1b3420ab8c8c7009bac8,True
0xaf1931c20ee0c11bea17a41bfbbad299b2763bc0,True
0xb01cb49fe0d6d6e47edf3a072d15dfe73155331c,True
0xb04c0eb29c72cebc467b9d4944d29116fa02c44a,True
0xb23360ccdd9ed1b15d45e5d3824bb409c8d7c460,True
0xb26314635252b4ee8b454423e5299a092dea8a4a,True
0xb2723beacce4bc54f23544343927f048cef6bd5a,True
0xb287eac48ab21c5fb1d3723830d60b4c797555b0,True
0xb2ca9495f3e1972801c12a964fa344a6630f427a,True
0xb2cc3cdd53fc9a1aeaf3a68edeba2736238ddc5d,True
0xb3aaaae47070264f3595c5032ee94b620a583a39,True
0xb507fbbaa0da1a39f22b986c2d4cb3b8084e8b94,True
0xb64d9784e8516983243434ce3badf967fd5cc71e,True
0xb685d0daea607fe75e02c1a7679261eac661b9bc,True
0xb6aac3b56ff818496b747ea57fcbe42a9aae6218,True
0xb6ba1931e4e74fd080587688f6db10e830f810d5,True
0xb6cad910eb912ef13a030b682bf77aa8f781da60,True
0xb739d0895772dbb71a89a3754a160269068f0d45,True
0xb77c64a1fd89d57e0f26e1a5c0a4d5934ad84350,True
0xb8001c3ec9aa1985f6c747e25c28324e4a361ec1,True
0xb840fe2b3fd8f75275240c671d6ec659e4c9a500,True
0xb8901acb165ed027e32754e0ffe830802919727f,True
0xb89dd647788c54a03ba290a6320ba53566afb57d,True
0xb8ba36e591facee901ffd3d5d82df491551ad7ef,True
0xb8cf411b956b3f9013c1d0ac8c909b086218207c,True
0xb994d148aa9a45f4182bce93f53e9e07949b55e6,True
0xb9ee1e551f538a464e8f8c41e9904498505b49b0,True
0xba8da9dcf11b50b03fd5284f164ef5cdef910705,True
0xbb4d1dc5c1abec4ea11166ec97e714862863ad1d,True
0xbd02c51150a4ab6ce97b9de2025644594f3e75b8,True
0xbd0fccdc19bc3b979e8e256b7b88aae7c77a5bec,True
0xc07b9ddc7f87e76e682a7a4f3859586eef1c7efd,True
0xc098b2a3aa256d2140208c3de6543aaef5cd3a94,True
0xc13ca46a9c895b6afd8a44a1a8238a242dbd176d,True
0xc145990e84155416144c532e31f89b840ca8c2ce,True
0xc1a012e58ad5a229e4a7051e07bc5bdf2ecb91a2,True
0xc1c88785e9b5c9c85b3f6c99255c3bef9e3b14a7,True
0xc257274276a4e539741ca11b590b9447b26a8051,True
0xc25dc289edce5227cf15d42539824509e826b54d,True
0xc2ba04e89016f417e1219af7ef82a5b6a9214793,True
0xc39bdf685f289b1f261ee9b0b1b2bf9eae4c1980,True
0xc3b7336d5a5158215599572012cedd4403a81629,True
0xc3edbb9c181016cef5d76491f835930e9c8c4d2c,True
0xc55eddadeeb47fcde0b3b6f25bd47d745ba7e7fa,True
0xc58bb74606b73c5043b75d7aa25ebe1d5d4e7c72,True
0xc5a8859c44ac8aa2169afacf45b87c08593bec10,True
0xc602dc3fb4a966cd6aed233db2ae4a5e596fcc27,True
0xc88f7666330b4b511358b7742dc2a3234710e7b1,True
0xc94ebb328ac25b95db0e0aa968371885fa516215,True
0xc9610be2843f1618edfedd0860dc43551c727061,True
0xc9f5296eb3ac266c94568d790b6e91eba7d76a11,True
0xca10e8825fa9f1db0651cd48a9097997dbf7615d,True
0xcac725bef4f114f728cbcfd744a731c2a463c3fc,True
0xcb8bbfa45541a95c1de883eb3606708cae9fd45c,True
0xcbd6832ebc203e49e2b771897067fce3c58575ac,True
0xcc0061c5025e1173c6ab08d56af429e3ba3037fd,True
0xcc9557f04633d82fb6a1741dcec96986cd8689ae,True
0xccdfdc87341605200a3582ab52350fb4fb261ab0,True
0xcce8d59affdd93be338fc77fa0a298c2cb65da59,True
0xcd531ae9efcce479654c4926dec5f6209531ca7b,True
0xcdd37ada79f589c15bd4f8fd2083dc88e34a2af2,True
0xce16f69375520ab01377ce7b88f5ba8c48f8d666,True
0xceb69f6342ece283b2f5c9088ff249b5d0ae66ea,True
0xcf7105fde573695d62666aefa4e1691bf3ab50d5,True
0xcfbba243c567738c2d3d958026b1bf6ad894a19e,True
0xcfc0f98f30742b6d880f90155d4ebb885e55ab33,True
0xd0808da05cc71a9f308d330bc9c5c81bbc26fc59,True
0xd108fd0e8c8e71552a167e7a44ff1d345d233ba6,True
0xd1560b3984b7481cd9a8f40435a53c860187174d,True
0xd1669ac6044269b59fa12c5822439f609ca54f41,True
0xd24400ae8bfebb18ca49be86258a3c749cf46853,True
0xd3273eba07248020bf98a8b560ec1576a612102f,True
0xd37bbe5744d730a1d98d8dc97c42f0ca46ad7146,True
0xd3e5b815843c31f621f2253c836b34f84debfe29,True
0xd4bddf5e3d0435d7a6214a0b949c7bb58621f37c,True
0xd4dcd2459bb78d7a645aa7e196857d421b10d93f,True
0xd551234ae421e3bcba99a0da6d736074f22192ff,True
0xd5fbda4c79f38920159fe5f22df9655fde292d47,True
0xd6a062cae6123c158768a5c444ca0896cc60d6b1,True
0xd6cb6744b7f2da784c5afd6b023d957188522198,True
0xd84b4436b6aba0fa348c5cf35b4682448e94724a,True
0xd8a83b72377476d0a66683cde20a8aad0b628713,True
0xd94c9ff168dc6aebf9b6cc86deff54f3fb0afc33,True
0xd9e1ce17f2641f24ae83637ab66a2cca9c378b9f,True
0xda43c54ce5083885f561e05fd6220b7096be246c,True
0xda8e51e033428bdaa385a90a550969f83261828a,True
0xdb6fdc30ab61c7cca742d4c13d1b035f3f82019a,True
0xdc1664458d2f0b6090bea60a8793a4e66c2f1c00,True
0xdebfbe80c8aeba98a32968278463ccb639c6c4e3,True
0xdef1c0ded9bec7f1a1670819833240f027b25eff,True
0xdf1553a2130cbafa70a35e68efc6ccf67f0a278c,True
0xdf4b6fb700c428476bd3c02e6fa83e110741145b,True
0xe03c23519e18d64f144d2800e30e81b0065c48b5,True
0xe0a616c3659be29567e08819772e6905307adf21,True
0xe0f0cfde7ee664943906f17f7f14342e76a5cec7,True
0xe13467e36561606a821fb7ecd72bfce8f70648f9,True
0xe25a329d385f77df5d4ed56265babe2b99a5436e,True
0xe3743d1bf4bdc86bf1faac0ffe325a23cf495ad7,True
0xe43ca1dee3f0fc1e2df73a0745674545f11a59f5,True
0xe4b3dd9839ed1780351dc5412925cf05f07a1939,True
0xe4b5b2667e049ac8c79ae6c5a7e3300815aa32be,True
0xe4edb277e41dc89ab076a1f049f4a3efa700bce8,True
0xe592427a0aece92de3edee1f18e0157c05861564,True
0xe5b8ff1ca1c3ef2ac704783d6473ee5a9be7e02d,True
0xe6f79f8b46b30f293cfbde50ef787d2fe0610782,True
0xe79eef9b9388a4ff70ed7ec5bccd5b928ebb8bd1,True
0xe89943ec20d856f064a87349a00ef6ab00aed042,True
0xe8a0e282e6a3e8023465accd47fae39dd5db010b,True
0xe9b1a2164368c00fc93e0e749d9b3cafa1bc6ee2,True
0xe9bdb4219706914441178bc8357e8551b53d8cbf,True
0xea81ce54a0afa10a027f65503bd52fba83d745b8,True
0xeae57ce9cc1984f202e15e038b964bb8bdf7229a,True
0xeb6c4be4b92a52e969f4bf405025d997703d5383,True
0xec4486a90371c9b66f499ff3936f29f0d5af8b7e,True
0xed5e461999b1fedd00797a818edd75c727ed948f,True
0xedbb72e6b3cf66a792bff7faac5ea769fe810517,True
0xee5b5b923ffce93a870b3104b7ca09c3db80047a,True
0xeea5b82b61424df8020f5fedd81767f2d0d25bfb,True
0xeec606a66edb6f497662ea31b5eb1610da87ab5f,True
0xeed16856d551569d134530ee3967ec79995e2051,True
0xeed85ddd6828b8c714141d34a12d0c07f7553182,True
0xeed86b90448c371eab47b7f16e294297c27e4f51,True
0xeff92a263d31888d860bd50809a8d171709b7b1c,True
0xf056f435ba0cc4fcd2f1b17e3766549ffc404b94,True
0xf07232bc85d995c32c1edf1c985c84a8b7b0ded7,True
0xf0bc8fddb1f358cef470d63f96ae65b1d7914953,True
0xf16e9b0d03470827a95cdfd0cb8a8a3b46969b91,True
0xf1da173228fcf015f43f3ea15abbb51f0d8f1123,True
0xf2a14015eaa3f9cc987f2c3b62fc93eee41aa5d0,True
0xf32682d5f99ba4143532618d6f516859a055ea06,True
0xf4b00c937b4ec4bb5ac051c3c719036c668a31ec,True
0xf52605c7b778563a5a9144ef4dc53b57463ca2c7,True
0xf598b81ef8c7b52a7f2a89253436e72ec6dc871f,True
0xf5bec430576ff1b82e44ddb5a1c93f6f9d0884f3,True
0xf5e10380213880111522dd0efd3dbb45b9f62bcc,True
0xf60c2ea62edbfe808163751dd0d8693dcb30019c,True
0xf646cbe3b030fb6c2569215f0117dba58badb95e,True
0xf64edd94558ca8b3a0e3b362e20bb13ff52ea513,True
0xf66852bc122fd40bfecc63cd48217e88bda12109,True
0xf70da97812cb96acdf810712aa562db8dfa3dbef,True
0xf726dc178d1a4d9292a8d63f01e0fa0a1235e65c,True
0xf73c3c65bde10bf26c2e1763104e609a41702efe,True
0xf775a9a0ad44807bc15936df0ee68902af1a0eee,True
0xf7793d27a1b76cdf14db7c83e82c772cf7c92910,True
0xf7a8af16acb302351d7ea26ffc380575b741724c,True
0xf881bcb3705926cea9c598ab05a837cf41a833a9,True
0xf89d7b9c864f589bbf53a82105107622b35eaa40,True
0xf8d04a720520d0bcbc722b1d21ca194aa22699f2,True
0xf9fb1c508ff49f78b60d3a96dea99fa5d7f3a8a6,True
0xfa66605b88e16c2fd011622dee6f35a976098edb,True
0xfa9f7a1cbfbcb688729c522b4f0905ccf4d26d25,True
0xfb19ffd1ff9316b7f5bba076ef4b78e4bbedf4e1,True
0xfb75b231c307738ce506c242babad2fd2e77b0bf,True
0xfb8131c260749c7835a08ccbdb64728de432858e,True
0xfb90501083a3b6af766c8da35d3dde01eb0d2a68,True
0xfb9f7f41319157ac5c5dccae308a63a4337ad5d9,True
0xfbb1b73c4f0bda4f67dca266ce6ef42f520fbb98,True
0xfe9e8709d3215310075d67e3ed32a380ccf451c8,True
0xff6b1cdfd2d3e37977d7938aa06b6d89d6675e27,True
