address,etherscan_name_tag,etherscan_category,is_contract,public_entity_tag
0xcc9557f04633d82fb6a1741dcec96986cd8689ae,ZigZag: Bridge,Bridge,False,True
0x963737c550e70ffe4d59464542a28604edb2ef9a,Union Chain,,False,True
0x2db1d8cdf1abe8c70b531a790cdf2ff38aecf652,Newton,Exchange,False,True
0x5e809a85aa182a9921edd10a4163745bb3e36284,Owlto Finance: Bridge 2,Bridge,False,True
0xa88902d6e93922893ee77234ed1c3ba4bec90224,Umbria: Narni Bridge 2,Bridge,False,True
0x158353a7601c7ba9bfdea6c77e571557267cd03b,Umbria: Narni Bridge 4,Bridge,False,True
0x00000000000007736e2f9aa5630b8c812e1f3fc9,Chaineye: Mini Bridge,Bridge,False,True
0x84a518a35c7c361c64301b8f209c2f0edb6f608d,OKX Dep: 0x84A518...6F608d,OKX; Deposit Address,False,True
0x6b8fac654d072d8a799f03626db7e4f4679b0e1d,,,False,False
0x469503159ddf6bfd0a9ec8eba8e97a84fd3eae5b,Kuailian APP: Wallet,,True,True
0x000005a271a610964bb42658c7ff50fee2aa055a,,ENS name only (personal),False,False
0xe93685f3bba03016f02bd1828badd6195988d950,Layer Zero: Executor,LayerZero; Contract Deployer,False,True
0xffff3dcb664c3f69b049d121fba7b7d7273961ef,,,False,False
0x0000000000000068f116a894984e2db1123eb395,Seaport 1.6,OpenSea,True,True
0x0000000000a8fb09af944ab3baf7a9b3e1ab29d8,,,True,False
0xd64791e747188b0e5061fc65b56bf20fee2e3321,Aztec: Sequencer,,False,True
0x230a1ac45690b9ae1176389434610b9526d2f21b,Synapse: Executor,,False,True
0x0385b3f162a0e001b60ecb84d3cb06199d78f666,Argent: Relayer 2,,False,True
0x4fb5df81b644e3bd5ad0ba07dce2b67559c764e0,Hyphen: Executor 3,,False,True
0x2a038e100f8b85df21e4d44121bdbfe0c288a869,Multichain: Executor,,False,True
0x1439eda7f9a911b9120e9a0dafb60eae317f7685,Hyphen: Executor 2,,False,True
0x1eaca1277bcdfa83e60658d8938b3d63cd3e63c1,Allbridge: Executor,,False,True
0x70217e7de3a68187905269462506f81cf344bbad,ShapeShift: Deployer,Contract Deployer,False,True
0x8d12a197cb00d4747a1fe03395095ce2a5cc6819,EtherDelta 2,DEX,True,True
