address,etherscan_name_tag,etherscan_category,is_contract,note
0x08b067ad41e45babe5bbb52fc2fe7f692f628b06,,,True,untagged contract; creator 1inch: Deployer 5
0x24759faa9b57d2b3c215f2fca6d898a53e7799bf,,,False,funded by OKX: Hot Wallet
0xdb3d858dcc295be2309e69539b2de07b41d658f7,,,False,funded by Liquid 2
0x81f91aca8c05b3eefebc00171139afefac17c9a6,,,False,funded Relay: Solver
0xe6b3c2fd41566c8dc5354da55cfe20eeaeaa299f,,,False,funded by Binance 17
0x45a318273749d6eb00f5f6ca3bc7cd3de26d642a,Owlto Finance: Bridge,Bridge,False,
0x60fe41469307da95b78ebaa100d70afb3c7805d9,,,False,
0xbbba1983859ac05cacc453a6ae9a12ce83735b6d,,,False,funded by GMO Coin 1
0x78c49a9ff270562f0aaea3e54c12d5841acdf599,,,False,
0xa3af00a4ca8a11b840b1cb190d1c1d66da1546fc,DeGate: Hot Wallet,,False,
0xdcd6968c5e40a6b26cabca51e818b0404082c156,,,False,
