address,net,inter,etherscan_name_tag,etherscan_category,public_entity_tag
0xf70da97812cb96acdf810712aa562db8dfa3dbef,2046,2046,Relay: Solver,Relay; Bridge,True
0x2fc617e933a52713247ce25730f6695920b3befe,679,656,Layerswap 1,,True
0x4c9af439b1a6761b8e549d8d226a468a6b2803a8,391,358,,,False
0xa60efe89e07cfcf83eb30f3b063834f0f8b30466,286,254,BingX 42,Exchange; tagged based on hildobby compilation,True
0x389044f3ac7472060a0618116e3624a5f0f20f28,217,152,Shakepay 7,Shakepay,True
0xe4e81a38ea6d480e4f21abdbe34df076621b9113,205,162,,,False
0xbbd0d4d067d5af2065b1b6fd936d93237ae1c56c,202,150,Shakepay 6,Shakepay,True
0x63a0a1c4b8606ddeb58ec9564e83ee1e9fb20ffb,196,196,,,False
0x434ca7f0da6c47d3eb3515cbd97711aec9d4ae6e,196,186,,,False
0xee73323912a4e3772b74ed0ca1595a152b0ef282,175,172,,,False
0x9cdc2a4e228b3ff679bb2487c609112affbdd3db,170,160,,,False
0x75e7f640bf6968b6f32c47a3cd82c3c2c9dcae68,169,51,,,False
0x4f9dd9b7e014a6a6838d16a81144ca92d0de793f,136,0,,,False
0xc5e8ceb141fa13d0c34101de3c5e53b445c5d015,130,126,,,False
0xa0bb4ba19f578a63fa3f67adaf7bbca15ccadc45,129,44,,,False
0x657720113dea643354e494e0de955a101d2466a7,121,111,,,False
0x7086ee078ff457f5f2c59cd140e79b2ebbc0e89c,119,82,,,False
0x4ac92d60cb6415232e62db519657c33abdcd102f,117,80,Newton 5,Exchange; tagged based on hildobby compilation,True
0x76c49d0e2b00ded0611862f0713c624a9bd0a432,114,0,,,False
0x4c20d6c790dcd8474df3ec22dd199ff03e0fcd7d,110,62,,,False
0xaa364c1a348f9517009207a1601e0a73c1cd530b,105,90,,,False
0x230a9e0a0eecb17c9e2cf770b15f7669e336d4f0,103,103,,,False
0x16dae7d42ad9ae86c885762caaa247fcc65ba516,100,100,,,False
0x88dcdd4a0a58b7e2208805d547043c37dca2b6dc,100,78,Shakepay 9,Shakepay; Exchange,True
0x556b5712c2a7cc5506fbfa785b52536fb8243765,99,29,,,False
0x7f04c1ea7e60f2c620948d5f201ca23d3d54d10d,97,97,,ENS name only (gcverseofmeta.eth),False
0x797dbfab26308010199f0b18c97c1c554dd119f9,97,0,,,False
0x554ccc18f88cf3159eedfe161cd46611ef820359,96,0,,,False
0x07f0eb0c571b6cfd90d17b5de2cc51112fb95915,94,62,,,False
0x063ed6f59bd44d8bc99c3b170a3d52b49dcbcfff,92,85,,,False
