addr,list_position,is_interactor,funds_anyone_cur,funds_anyone_arc,cur_int_fanout,cur_net_fanout,arc_subtree,affects_features,hildobby_name,etherscan_url,etherscan_name_tag,is_contract,keep_label
0x00000000000007736e2f9aa5630b8c812e1f3fc9,1,False,True,True,14.0,14.0,15.0,True,,https://etherscan.io/address/0x00000000000007736e2f9aa5630b8c812e1f3fc9,,,
0xe93685f3bba03016f02bd1828badd6195988d950,2,True,True,True,0.0,2.0,1.0,True,,https://etherscan.io/address/0xe93685f3bba03016f02bd1828badd6195988d950,,,
0xd64791e747188b0e5061fc65b56bf20fee2e3321,3,False,False,False,,,,False,,https://etherscan.io/address/0xd64791e747188b0e5061fc65b56bf20fee2e3321,,,
0x000f422887ea7d370ff31173fd3b46c8f66a5b1c,4,False,False,False,,,,False,Shakepay,https://etherscan.io/address/0x000f422887ea7d370ff31173fd3b46c8f66a5b1c,,,
0x912fd21d7a69678227fe6d08c64222db41477ba0,5,False,False,False,,,,False,Shakepay,https://etherscan.io/address/0x912fd21d7a69678227fe6d08c64222db41477ba0,,,
0x230a1ac45690b9ae1176389434610b9526d2f21b,6,False,False,False,,,,False,,https://etherscan.io/address/0x230a1ac45690b9ae1176389434610b9526d2f21b,,,
0x151b381058f91cf871e7ea1ee83c45326f61e96d,7,False,False,False,,,,False,MoonPay,https://etherscan.io/address/0x151b381058f91cf871e7ea1ee83c45326f61e96d,,,
0x3b794929566e3ba0f25e4263e1987828b5c87161,8,False,False,False,,,,False,Shakepay,https://etherscan.io/address/0x3b794929566e3ba0f25e4263e1987828b5c87161,,,
0x91962711a4d2e4a830b366ce7276d99001e8564b,9,False,False,False,,,,False,Voyager,https://etherscan.io/address/0x91962711a4d2e4a830b366ce7276d99001e8564b,,,
0x0385b3f162a0e001b60ecb84d3cb06199d78f666,10,False,False,False,,,,False,,https://etherscan.io/address/0x0385b3f162a0e001b60ecb84d3cb06199d78f666,,,
0x4fb5df81b644e3bd5ad0ba07dce2b67559c764e0,11,False,False,False,,,,False,,https://etherscan.io/address/0x4fb5df81b644e3bd5ad0ba07dce2b67559c764e0,,,
0x2a038e100f8b85df21e4d44121bdbfe0c288a869,12,False,False,False,,,,False,,https://etherscan.io/address/0x2a038e100f8b85df21e4d44121bdbfe0c288a869,,,
0xcc9557f04633d82fb6a1741dcec96986cd8689ae,13,False,True,True,190.0,197.0,222.0,True,,https://etherscan.io/address/0xcc9557f04633d82fb6a1741dcec96986cd8689ae,,,
0x963737c550e70ffe4d59464542a28604edb2ef9a,14,False,True,True,130.0,242.0,432.0,True,,https://etherscan.io/address/0x963737c550e70ffe4d59464542a28604edb2ef9a,,,
0x2db1d8cdf1abe8c70b531a790cdf2ff38aecf652,15,False,True,True,115.0,134.0,165.0,True,,https://etherscan.io/address/0x2db1d8cdf1abe8c70b531a790cdf2ff38aecf652,,,
0x5e809a85aa182a9921edd10a4163745bb3e36284,16,False,True,True,81.0,81.0,83.0,True,,https://etherscan.io/address/0x5e809a85aa182a9921edd10a4163745bb3e36284,,,
0xa88902d6e93922893ee77234ed1c3ba4bec90224,17,False,True,True,73.0,80.0,92.0,True,,https://etherscan.io/address/0xa88902d6e93922893ee77234ed1c3ba4bec90224,,,
0x1439eda7f9a911b9120e9a0dafb60eae317f7685,18,False,False,False,,,,False,,https://etherscan.io/address/0x1439eda7f9a911b9120e9a0dafb60eae317f7685,,,
0x1eaca1277bcdfa83e60658d8938b3d63cd3e63c1,19,False,False,False,,,,False,,https://etherscan.io/address/0x1eaca1277bcdfa83e60658d8938b3d63cd3e63c1,,,
0x158353a7601c7ba9bfdea6c77e571557267cd03b,20,False,True,True,24.0,24.0,25.0,True,,https://etherscan.io/address/0x158353a7601c7ba9bfdea6c77e571557267cd03b,,,
0xffff3dcb664c3f69b049d121fba7b7d7273961ef,21,True,False,False,,,,True,,https://etherscan.io/address/0xffff3dcb664c3f69b049d121fba7b7d7273961ef,,,
0x0000000000000068f116a894984e2db1123eb395,22,False,True,True,0.0,1.0,3.0,True,,https://etherscan.io/address/0x0000000000000068f116a894984e2db1123eb395,,,
0x469503159ddf6bfd0a9ec8eba8e97a84fd3eae5b,23,False,True,True,6.0,478.0,2724.0,True,,https://etherscan.io/address/0x469503159ddf6bfd0a9ec8eba8e97a84fd3eae5b,,,
0x000005a271a610964bb42658c7ff50fee2aa055a,24,False,True,True,1.0,1.0,2.0,True,,https://etherscan.io/address/0x000005a271a610964bb42658c7ff50fee2aa055a,,,
0x3b0bc51ab9de1e5b7b6e34e5b960285805c41736,25,False,False,False,,,,False,ShapeShift,https://etherscan.io/address/0x3b0bc51ab9de1e5b7b6e34e5b960285805c41736,,,
0x6b8fac654d072d8a799f03626db7e4f4679b0e1d,26,False,True,True,7.0,11.0,638.0,True,,https://etherscan.io/address/0x6b8fac654d072d8a799f03626db7e4f4679b0e1d,,,
0x120a270bbc009644e35f0bb6ab13f95b8199c4ad,27,False,False,False,,,,False,ShapeShift,https://etherscan.io/address/0x120a270bbc009644e35f0bb6ab13f95b8199c4ad,,,
0x9e6316f44baeeee5d41a1070516cc5fa47baf227,28,False,False,False,,,,False,ShapeShift,https://etherscan.io/address/0x9e6316f44baeeee5d41a1070516cc5fa47baf227,,,
0x70faa28a6b8d6829a4b1e649d26ec9a2a39ba413,29,False,False,False,,,,False,ShapeShift,https://etherscan.io/address/0x70faa28a6b8d6829a4b1e649d26ec9a2a39ba413,,,
0x563b377a956c80d77a7c613a9343699ad6123911,30,False,False,False,,,,False,ShapeShift,https://etherscan.io/address/0x563b377a956c80d77a7c613a9343699ad6123911,,,
0xd3273eba07248020bf98a8b560ec1576a612102f,31,False,False,False,,,,False,ShapeShift,https://etherscan.io/address/0xd3273eba07248020bf98a8b560ec1576a612102f,,,
0xeed16856d551569d134530ee3967ec79995e2051,32,False,False,False,,,,False,ShapeShift,https://etherscan.io/address/0xeed16856d551569d134530ee3967ec79995e2051,,,
0x70217e7de3a68187905269462506f81cf344bbad,33,False,False,False,,,,False,,https://etherscan.io/address/0x70217e7de3a68187905269462506f81cf344bbad,,,
0x9bcb0733c56b1d8f0c7c4310949e00485cae4e9d,34,False,False,False,,,,False,ShapeShift,https://etherscan.io/address/0x9bcb0733c56b1d8f0c7c4310949e00485cae4e9d,,,
0xee77aa3fd23bbebaf94386dd44b548e9a785ea4b,35,False,False,False,,,,False,ShapeShift,https://etherscan.io/address/0xee77aa3fd23bbebaf94386dd44b548e9a785ea4b,,,
0x2f155ddefc29c414c94b801b91f55b257231825e,36,False,False,False,,,,False,ShapeShift,https://etherscan.io/address/0x2f155ddefc29c414c94b801b91f55b257231825e,,,
0x3aef01db231c3c9ff844f7e611c63b8c36bc6a02,37,False,False,False,,,,False,ShapeShift,https://etherscan.io/address/0x3aef01db231c3c9ff844f7e611c63b8c36bc6a02,,,
0xdf69de4a2a58866afebb7713e3dd10c2153ff27c,38,False,False,False,,,,False,ShapeShift,https://etherscan.io/address/0xdf69de4a2a58866afebb7713e3dd10c2153ff27c,,,
0xe65a88f487f5d26469cfd37ce7ef763d6d9be454,39,False,False,False,,,,False,ShapeShift,https://etherscan.io/address/0xe65a88f487f5d26469cfd37ce7ef763d6d9be454,,,
0xf08bdf21373a09ab7edd7769a402d3a22826d317,40,False,False,False,,,,False,ShapeShift,https://etherscan.io/address/0xf08bdf21373a09ab7edd7769a402d3a22826d317,,,
0xda1e5d4cc9873963f788562354b55a772253b92f,41,False,False,False,,,,False,ShapeShift,https://etherscan.io/address/0xda1e5d4cc9873963f788562354b55a772253b92f,,,
0x8d12a197cb00d4747a1fe03395095ce2a5cc6819,42,False,False,False,,,,False,,https://etherscan.io/address/0x8d12a197cb00d4747a1fe03395095ce2a5cc6819,,,
0x84a518a35c7c361c64301b8f209c2f0edb6f608d,43,False,True,True,12.0,15.0,839.0,True,,https://etherscan.io/address/0x84a518a35c7c361c64301b8f209c2f0edb6f608d,,,
0x0000000000a8fb09af944ab3baf7a9b3e1ab29d8,44,False,False,True,,,1.0,True,,https://etherscan.io/address/0x0000000000a8fb09af944ab3baf7a9b3e1ab29d8,,,
