name,threshold,precision,recall,f1,auroc,ap,test_rows,test_sybils,split_seed
with,0.49428413971241997,0.7115959880344889,0.7402526084568918,0.7256414857347927,0.9709421086318364,0.7753681203116697,130436,5463,42
without,0.5042610491573178,0.6977079949467605,0.7076697785099763,0.702653580516176,0.967561125731073,0.7561383059562726,130436,5463,42
with,0.5596876070762086,0.7262914417887433,0.6897309170785283,0.7075391981973523,0.9704297709236385,0.761219283049029,130435,5463,1
without,0.5926364080096282,0.7319845857418111,0.695405454878272,0.7132263212240684,0.9681509313278737,0.7621400470186027,130436,5463,1
with,0.6244927424087531,0.7357013847080073,0.671059857221307,0.7018954623779438,0.9695786305218095,0.757799658302171,130436,5463,2
without,0.48731603704078547,0.6981432360742705,0.7226798462383306,0.7101996762007555,0.9712833304228748,0.7651335895695485,130436,5463,2
with,0.5413700563509986,0.7115210707180322,0.7201171517481237,0.7157933042212519,0.9723845743321964,0.7641917915845284,130436,5463,3
without,0.6372965634120307,0.72900466562986,0.686436024162548,0.7070802300367681,0.9708645423010779,0.7666673577228771,130435,5463,3
with,0.3710927383164055,0.6626409017713365,0.7532491305143694,0.7050458322624861,0.9724409474826208,0.7696191434823391,130436,5463,4
without,0.5780099661219915,0.727567155648695,0.6990664470071389,0.7130321135175504,0.9691250373965089,0.7582256697805324,130436,5463,4
