gas_provider,arc_net_fanout,arc_int_fanout,arc_sybil_funded,arc_subtree,arc_rank_int_fanout,arc_rank_net_fanout,arc_rank_subtree,arc_hand,arc_in_network,sybil_rate_funded,etherscan_url,etherscan_name_tag,keep_label
0xf70da97812cb96acdf810712aa562db8dfa3dbef,2046,2046,0,2047.0,1.0,1.0,25.0,False,True,0.0,https://etherscan.io/address/0xf70da97812cb96acdf810712aa562db8dfa3dbef,,
0x912fd21d7a69678227fe6d08c64222db41477ba0,1411,956,4,2789.0,2.0,2.0,12.0,True,True,0.004,https://etherscan.io/address/0x912fd21d7a69678227fe6d08c64222db41477ba0,,
0x151b381058f91cf871e7ea1ee83c45326f61e96d,735,561,1,988.0,4.0,3.0,50.0,True,True,0.002,https://etherscan.io/address/0x151b381058f91cf871e7ea1ee83c45326f61e96d,,
0x2fc617e933a52713247ce25730f6695920b3befe,679,656,33,726.0,3.0,4.0,82.0,False,True,0.05,https://etherscan.io/address/0x2fc617e933a52713247ce25730f6695920b3befe,,
0x469503159ddf6bfd0a9ec8eba8e97a84fd3eae5b,500,7,0,2724.0,582.0,5.0,13.0,True,True,0.0,https://etherscan.io/address/0x469503159ddf6bfd0a9ec8eba8e97a84fd3eae5b,,
0x000f422887ea7d370ff31173fd3b46c8f66a5b1c,487,350,0,766.0,6.0,6.0,73.0,True,True,0.0,https://etherscan.io/address/0x000f422887ea7d370ff31173fd3b46c8f66a5b1c,,
0x3b794929566e3ba0f25e4263e1987828b5c87161,400,301,0,588.0,7.0,7.0,105.0,True,True,0.0,https://etherscan.io/address/0x3b794929566e3ba0f25e4263e1987828b5c87161,,
0x4c9af439b1a6761b8e549d8d226a468a6b2803a8,391,358,3,487.0,5.0,8.0,119.0,False,True,0.008,https://etherscan.io/address/0x4c9af439b1a6761b8e549d8d226a468a6b2803a8,,
0x70faa28a6b8d6829a4b1e649d26ec9a2a39ba413,295,25,0,11236.0,108.0,9.0,2.0,True,True,0.0,https://etherscan.io/address/0x70faa28a6b8d6829a4b1e649d26ec9a2a39ba413,,
0xa60efe89e07cfcf83eb30f3b063834f0f8b30466,286,254,2,351.0,8.0,10.0,138.0,False,True,0.008,https://etherscan.io/address/0xa60efe89e07cfcf83eb30f3b063834f0f8b30466,,
0x91962711a4d2e4a830b366ce7276d99001e8564b,283,186,0,517.0,11.0,11.0,117.0,True,True,0.0,https://etherscan.io/address/0x91962711a4d2e4a830b366ce7276d99001e8564b,,
0x563b377a956c80d77a7c613a9343699ad6123911,248,25,0,2155.0,108.0,12.0,23.0,True,True,0.0,https://etherscan.io/address/0x563b377a956c80d77a7c613a9343699ad6123911,,
0x963737c550e70ffe4d59464542a28604edb2ef9a,243,130,0,432.0,18.0,13.0,124.0,True,True,0.0,https://etherscan.io/address/0x963737c550e70ffe4d59464542a28604edb2ef9a,,
0xeed16856d551569d134530ee3967ec79995e2051,229,35,0,1497.0,66.0,14.0,31.0,True,True,0.0,https://etherscan.io/address/0xeed16856d551569d134530ee3967ec79995e2051,,
0x3b0bc51ab9de1e5b7b6e34e5b960285805c41736,227,30,0,2559.0,78.0,15.0,14.0,True,True,0.0,https://etherscan.io/address/0x3b0bc51ab9de1e5b7b6e34e5b960285805c41736,,
0x389044f3ac7472060a0618116e3624a5f0f20f28,217,152,0,345.0,16.0,16.0,143.0,False,True,0.0,https://etherscan.io/address/0x389044f3ac7472060a0618116e3624a5f0f20f28,,
0xe4e81a38ea6d480e4f21abdbe34df076621b9113,205,162,0,317.0,14.0,17.0,151.0,False,True,0.0,https://etherscan.io/address/0xe4e81a38ea6d480e4f21abdbe34df076621b9113,,
0xbbd0d4d067d5af2065b1b6fd936d93237ae1c56c,202,150,1,346.0,17.0,18.0,142.0,False,True,0.007,https://etherscan.io/address/0xbbd0d4d067d5af2065b1b6fd936d93237ae1c56c,,
0xcc9557f04633d82fb6a1741dcec96986cd8689ae,197,190,1,222.0,10.0,19.0,184.0,True,True,0.005,https://etherscan.io/address/0xcc9557f04633d82fb6a1741dcec96986cd8689ae,,
0x434ca7f0da6c47d3eb3515cbd97711aec9d4ae6e,196,186,0,216.0,11.0,20.0,190.0,False,True,0.0,https://etherscan.io/address/0x434ca7f0da6c47d3eb3515cbd97711aec9d4ae6e,,
0x63a0a1c4b8606ddeb58ec9564e83ee1e9fb20ffb,196,196,0,210.0,9.0,20.0,196.0,False,True,0.0,https://etherscan.io/address/0x63a0a1c4b8606ddeb58ec9564e83ee1e9fb20ffb,,
0x75e7f640bf6968b6f32c47a3cd82c3c2c9dcae68,181,51,0,1085.0,45.0,22.0,44.0,False,True,0.0,https://etherscan.io/address/0x75e7f640bf6968b6f32c47a3cd82c3c2c9dcae68,,
0xd3273eba07248020bf98a8b560ec1576a612102f,178,27,0,4145.0,95.0,23.0,10.0,True,True,0.0,https://etherscan.io/address/0xd3273eba07248020bf98a8b560ec1576a612102f,,
0xee73323912a4e3772b74ed0ca1595a152b0ef282,175,172,5,187.0,13.0,24.0,208.0,False,True,0.029,https://etherscan.io/address/0xee73323912a4e3772b74ed0ca1595a152b0ef282,,
0x9cdc2a4e228b3ff679bb2487c609112affbdd3db,170,160,0,213.0,15.0,25.0,192.0,False,True,0.0,https://etherscan.io/address/0x9cdc2a4e228b3ff679bb2487c609112affbdd3db,,
0x4f9dd9b7e014a6a6838d16a81144ca92d0de793f,137,0,0,550.0,105463.0,26.0,112.0,False,True,,https://etherscan.io/address/0x4f9dd9b7e014a6a6838d16a81144ca92d0de793f,,
0x36b0ca172da5a33201efdc398acf9dde8f29d69a,134,0,0,6338.0,105463.0,27.0,5.0,False,True,,https://etherscan.io/address/0x36b0ca172da5a33201efdc398acf9dde8f29d69a,,
0x2db1d8cdf1abe8c70b531a790cdf2ff38aecf652,134,115,0,165.0,20.0,27.0,223.0,True,True,0.0,https://etherscan.io/address/0x2db1d8cdf1abe8c70b531a790cdf2ff38aecf652,,
0xa0bb4ba19f578a63fa3f67adaf7bbca15ccadc45,132,44,0,664.0,53.0,29.0,91.0,False,True,0.0,https://etherscan.io/address/0xa0bb4ba19f578a63fa3f67adaf7bbca15ccadc45,,
0xc5e8ceb141fa13d0c34101de3c5e53b445c5d015,130,126,0,177.0,19.0,30.0,212.0,False,True,0.0,https://etherscan.io/address/0xc5e8ceb141fa13d0c34101de3c5e53b445c5d015,,
