learning_rate,max_depth,subsample,colsample_bytree,min_child_weight,val_f1,val_ap,val_logloss,val_threshold,rounds,seconds
0.3,6,1.0,1.0,1,0.6851385390428212,0.7369048551012767,0.0950355335434366,0.7826409339904785,646,33.3
0.3,6,1.0,0.8,1,0.6886258363355635,0.7387437488574284,0.0942865831743146,0.5419813394546509,779,34.9
0.3,6,0.7,1.0,1,0.6890712517910642,0.7348781159447364,0.0931105341101731,0.6221559047698975,556,27.5
0.3,6,0.7,0.8,1,0.6873398257303946,0.7364220781783922,0.0919881584607553,0.5531955361366272,659,31.1
0.3,6,0.5,1.0,1,0.6870147255689424,0.7328175501463731,0.0931532461597484,0.6842125058174133,565,32.0
0.3,6,0.5,0.8,1,0.683046683046683,0.7295571002228776,0.0940420538159091,0.7354284524917603,567,38.7
0.3,8,1.0,1.0,1,0.6907443365695793,0.7383247422846027,0.0935541272268143,0.5509520173072815,314,20.2
0.3,8,1.0,0.8,1,0.6884567645841952,0.7374385653096747,0.0942145734229086,0.7224922180175781,282,17.9
0.3,8,0.7,1.0,1,0.6878913014519782,0.7337884349203903,0.0934333891283692,0.6139019131660461,268,22.1
0.3,8,0.7,0.8,1,0.6887671232876712,0.7323695584735593,0.0913843169997154,0.686311662197113,268,18.4
0.3,8,0.5,1.0,1,0.6883720930232559,0.7318239637023722,0.0922304289272809,0.6458879709243774,230,17.4
0.3,8,0.5,0.8,1,0.6856218838431478,0.7253167336962227,0.0939452535740765,0.6605507135391235,262,18.1
0.3,10,1.0,1.0,1,0.6897829539438857,0.7372750505950049,0.0918248600301513,0.615229606628418,139,14.1
0.3,10,1.0,0.8,1,0.6936307444235421,0.7377193411895704,0.0906966082760048,0.6081185936927795,148,14.6
0.3,10,0.7,1.0,1,0.6923686295220491,0.7422820412508825,0.0877461188816405,0.5936363339424133,128,14.4
0.3,10,0.7,0.8,1,0.6934805467928497,0.736427949270219,0.088603868448703,0.5704595446586609,136,14.1
0.3,10,0.5,1.0,1,0.6883001647864114,0.7329231512013324,0.0890080852832184,0.4996546506881714,118,13.2
0.3,10,0.5,0.8,1,0.6906120331950207,0.7346710655486501,0.0891023455767259,0.5324305891990662,133,15.6
0.3,12,1.0,1.0,1,0.6892655367231638,0.7326108985503458,0.0919243408424545,0.6738531589508057,88,12.3
0.3,12,1.0,0.8,1,0.6912705978482909,0.7381599507870308,0.0894836452950902,0.6583036184310913,89,12.5
0.3,12,0.7,1.0,1,0.6834523036988969,0.7355229970451128,0.0881061150150628,0.5510860681533813,72,13.4
0.3,12,0.7,0.8,1,0.6973029588897617,0.7359107418182591,0.0876220542488911,0.5677691698074341,77,12.8
0.3,12,0.5,1.0,1,0.6967658473479948,0.7369762404523039,0.087874817637606,0.5214148163795471,82,13.0
0.3,12,0.5,0.8,1,0.6944731404958677,0.738617783139991,0.086652991522329,0.5224493741989136,81,12.4
0.1,6,1.0,1.0,1,0.6919963441702572,0.7432040287979338,0.0922696630905346,0.626315712928772,2201,93.5
0.1,6,1.0,0.8,1,0.6909238468821859,0.7423095775101667,0.0924199176548093,0.72310870885849,2178,97.2
0.1,6,0.7,1.0,1,0.6954430041427235,0.7467122617059817,0.0866765902199688,0.661531388759613,1816,96.9
0.1,6,0.7,0.8,1,0.6961457233368532,0.7462397317977463,0.0870475710568002,0.6172501444816589,2029,98.5
0.1,6,0.5,1.0,1,0.6917617237008872,0.7414049245963721,0.0882813890952295,0.5475451350212097,1842,97.9
0.1,6,0.5,0.8,1,0.6952393173360708,0.7423936321519495,0.0878501596821925,0.6164085268974304,1743,85.6
0.1,8,1.0,1.0,1,0.690163072067333,0.7426017436502262,0.0907288407451677,0.5917322635650635,1030,57.9
0.1,8,1.0,0.8,1,0.6912696226934729,0.7456090652666046,0.0889514866211309,0.7289347052574158,920,49.4
0.1,8,0.7,1.0,1,0.6971239851382964,0.7478037046683169,0.0861705577640277,0.6540302634239197,900,54.4
0.1,8,0.7,0.8,1,0.6960189823358819,0.7488601290632249,0.0852482694511331,0.5466236472129822,878,51.5
0.1,8,0.5,1.0,1,0.6941205656164723,0.7462902742692697,0.0850669181231872,0.4653038680553436,745,59.9
0.1,8,0.5,0.8,1,0.6967320261437908,0.7463027143342755,0.0851119658796293,0.5726221203804016,822,53.5
0.1,10,1.0,1.0,1,0.6922557102311123,0.7435827970948734,0.0888923129449539,0.6348273158073425,521,41.5
0.1,10,1.0,0.8,1,0.6962383713091547,0.7463677402553341,0.0880083637267042,0.5937758088111877,551,42.2
0.1,10,0.7,1.0,1,0.6993151569970281,0.7501532250745933,0.0843933146321368,0.4959112107753753,452,35.4
0.1,10,0.7,0.8,1,0.693529334558341,0.7503719979155853,0.0839217199041122,0.5601023435592651,447,36.0
0.1,10,0.5,1.0,1,0.6978184756261783,0.749636864891608,0.0830332038064965,0.6135303974151611,416,36.6
0.1,10,0.5,0.8,1,0.6999871844162502,0.755169878981987,0.081122082786929,0.4889450967311859,444,38.4
0.1,12,1.0,1.0,1,0.698368428392135,0.7468576619675937,0.0867932867658288,0.6949991583824158,312,35.4
0.1,12,1.0,0.8,1,0.6932399676811204,0.742669649311435,0.0867359572420823,0.6177805066108704,301,28.0
0.1,12,0.7,1.0,1,0.6950256339199113,0.7481638374069469,0.0838670571279871,0.6875721216201782,248,26.3
0.1,12,0.7,0.8,1,0.6986522911051213,0.7525293367467423,0.082168830835172,0.5982616543769836,283,30.1
0.1,12,0.5,1.0,1,0.6977632296781233,0.7469095102699781,0.0831909366587312,0.6497929096221924,253,28.6
0.1,12,0.5,0.8,1,0.6968264686022958,0.747253595647911,0.0823657951258228,0.6146830320358276,259,26.8
0.05,6,1.0,1.0,1,0.6865630587264475,0.7389158120132843,0.0947386884001859,0.7928838729858398,3780,161.3
0.05,6,1.0,0.8,1,0.6893417791242082,0.744369974229355,0.0921774558048796,0.7619345188140869,4434,172.2
0.05,6,0.7,1.0,1,0.6975070675918787,0.7505916978497669,0.0858689318474191,0.574988603591919,3697,165.2
0.05,6,0.7,0.8,1,0.694944512946979,0.7499510139495259,0.0856275531799582,0.4730508029460907,3900,168.2
0.05,6,0.5,1.0,1,0.6937306021104904,0.7457674347344478,0.0864898074266334,0.5202966332435608,3404,152.5
0.05,6,0.5,0.8,1,0.6970954356846473,0.7468788240551737,0.0858456304701217,0.4961261451244354,3428,153.5
0.05,8,1.0,1.0,1,0.6937958639092728,0.7438764725893573,0.0902950282153366,0.6498392820358276,1993,104.9
0.05,8,1.0,0.8,1,0.6901639344262295,0.7444511265598642,0.0899104999621196,0.7012718319892883,2094,111.4
0.05,8,0.7,1.0,1,0.6972883231876038,0.7506048296069324,0.0847837811548623,0.675297200679779,1762,102.2
0.05,8,0.7,0.8,1,0.6968077818879298,0.7527421521041463,0.0840091058313573,0.6763584017753601,1678,95.6
0.05,8,0.5,1.0,1,0.6972453222453222,0.7490234099667419,0.0837808129958513,0.5756998658180237,1474,85.4
0.05,8,0.5,0.8,1,0.6962610979117169,0.7522895808997362,0.0830579955024765,0.469037801027298,1608,92.5
0.05,10,1.0,1.0,1,0.691620586984262,0.7420868028267121,0.0894999535564052,0.7625370621681213,1033,69.3
0.05,10,1.0,0.8,1,0.6942451104544815,0.7496149902044995,0.0872807686000925,0.7230292558670044,1182,81.3
0.05,10,0.7,1.0,1,0.7003213711837172,0.7509637502386691,0.0834616463905483,0.581732451915741,911,69.3
0.05,10,0.7,0.8,1,0.6995243128964059,0.7545163847524946,0.0823380862889981,0.5530534982681274,925,68.0
0.05,10,0.5,1.0,1,0.6976365118174409,0.752073393839563,0.0822634967284853,0.6290324330329895,846,66.6
0.05,10,0.5,0.8,1,0.6981035366478728,0.7528379749312176,0.0816329454459999,0.4995347559452057,847,63.2
0.05,12,1.0,1.0,1,0.6935187614799265,0.743333282048298,0.0876637709301057,0.5677921772003174,617,55.8
0.05,12,1.0,0.8,1,0.6954866775421424,0.748463485622373,0.0854795488238671,0.6463005542755127,630,55.7
0.05,12,0.7,1.0,1,0.696260348272909,0.7543082806150082,0.0819628428278477,0.7257099747657776,562,55.4
0.05,12,0.7,0.8,1,0.6982412060301507,0.7554667082208676,0.0810327908967367,0.4138293862342834,580,57.9
0.05,12,0.5,1.0,1,0.6999725500960746,0.752781445929597,0.0812539422721325,0.6483036279678345,521,53.4
0.05,12,0.5,0.8,1,0.7017960908610671,0.7537805879267431,0.0807003907676871,0.5488172769546509,547,55.6
0.05,12,0.5,0.8,5,0.6999232540291634,0.7540203850863759,0.0810062601931653,0.5244318842887878,878,76.2
0.05,12,0.5,0.8,10,0.7024157154234139,0.7533696476068398,0.08165730229001435,0.6532536745071411,1214,87.4
