num_leaves,learning_rate,subsample,reg_lambda,val_f1,val_ap,val_logloss,val_threshold,rounds,seconds
31,0.1,1.0,0.0,0.6871375856615709,0.7376394965755032,0.09088616296154266,0.6503429645699378,2059,37.0
31,0.1,1.0,1.0,0.6948266373142543,0.7481285919344641,0.08718305520561254,0.7173578408926659,2417,44.3
31,0.1,0.7,0.0,0.6991040661612681,0.7435978634826506,0.08580440110502432,0.7030553813614137,1950,39.7
31,0.1,0.7,1.0,0.7008362557323982,0.7505668033458294,0.08350490372757274,0.6178673233726383,2596,51.8
31,0.05,1.0,0.0,0.6913959001533956,0.7397714702748581,0.08969990132065403,0.7501313939151837,3899,68.2
31,0.05,1.0,1.0,0.6976483762597985,0.7498562771092913,0.08667040720064924,0.7469570215898559,4914,89.3
31,0.05,0.7,0.0,0.7035804605350725,0.7516291300599858,0.0833125157217487,0.5993942450070209,4321,82.9
31,0.05,0.7,1.0,0.7038161890928298,0.7558072289403309,0.08156660237193501,0.5930770763535418,4749,94.7
63,0.1,1.0,0.0,0.691423991450708,0.7406314040422997,0.08779346592279363,0.608364480567945,1142,28.1
63,0.1,1.0,1.0,0.6944716585024493,0.7493231188058919,0.08469300957412747,0.7116271051749267,1247,29.9
63,0.1,0.7,0.0,0.698330845433573,0.7447829161500201,0.08362060817172327,0.6384615803888821,1040,27.9
63,0.1,0.7,1.0,0.7025205553309072,0.7527985677220089,0.0817831406436601,0.614129309548425,1204,30.4
63,0.05,1.0,0.0,0.6944556859571024,0.7438010086543416,0.0867044663206865,0.6341499117212411,2198,50.7
