max_features,min_samples_leaf,max_depth,max_samples,val_f1,val_ap,val_auroc,val_logloss,val_threshold,seconds
sqrt,1,None,None,0.699041699041699,0.7469453026196529,0.9674963192246552,0.0768494745569687,0.3325641025641025,78.3
sqrt,1,24,None,0.6182595969830013,0.6522711003499005,0.9550794015212102,0.1185699807282762,0.5912827566293585,72.5
sqrt,5,None,None,0.6728013671618246,0.7200801855410544,0.9646599890501028,0.096063434041665,0.5893572812721463,72.6
sqrt,5,24,None,0.6262626262626263,0.6594238691566752,0.9564757492589304,0.126497827393527,0.7675325405798974,70.0
sqrt,20,None,None,0.6451452694313384,0.6897070625271656,0.9616163977913864,0.1377055635722078,0.6774852683609994,70.0
sqrt,20,24,None,0.6217536641810234,0.6553951022055357,0.95800374841705,0.1558496900605359,0.7682053890394723,66.9
0.3,1,None,None,0.7028176501860712,0.7515493315067588,0.9683383191539642,0.079193410791812,0.3566666666666667,183.4
0.3,1,24,None,0.6349775784753363,0.6635747337944756,0.9584547818010356,0.1164536687415739,0.7291124417472927,166.5
0.3,5,None,None,0.6954185140400376,0.742575534028052,0.967562101590117,0.0880282527171314,0.5503547019049645,174.5
0.3,5,24,None,0.6417674907943188,0.6773329977394126,0.960625694023984,0.1158949778717104,0.7527311383402249,163.9
0.3,20,None,None,0.6742812130760142,0.7191794473439728,0.966434975491869,0.1177366624716848,0.6877726315162597,169.9
0.3,20,24,None,0.6474584801207851,0.6821578500110517,0.962690731493686,0.1365768155909718,0.7377006630298949,166.4
0.5,1,None,None,0.7021363450809633,0.7484141785746752,0.9667299827663712,0.0819783696068385,0.3933333333333333,322.4
0.5,1,24,None,0.6349448039588884,0.6609286676796599,0.9574818359243004,0.1186598947388086,0.7337297820139884,287.7
0.5,5,None,None,0.6978803327072712,0.7424113248657721,0.9660577671641696,0.0896364321638635,0.539383250172976,286.1
0.5,5,24,None,0.6461175236096537,0.6789915294631517,0.9603284268445332,0.1186590091632797,0.7598359854769297,271.3
0.5,20,None,None,0.6814717477003942,0.7233807562019632,0.9660658277907472,0.1139485471808672,0.6843819673809332,279.9
0.5,20,24,None,0.6529022204908453,0.6864362306671238,0.9626042721936656,0.1334780469472181,0.7619958662729948,272.6
0.7,1,None,None,0.7000269759913677,0.7423434067611958,0.964236176161432,0.0859586450302284,0.39,421.9
0.7,1,24,None,0.6397272382876625,0.6608141929586892,0.9563821291093024,0.1237523695479128,0.7395802566026946,361.9
0.7,5,None,None,0.6975705843729482,0.7393361922890458,0.9652870394355566,0.0906913693095683,0.5082935305180708,446.5
0.7,5,24,None,0.6463603510583377,0.6748508415148942,0.9584523679475362,0.12221871238397174,0.7557011046441626,433.3
0.7,20,None,None,0.6810165975103735,0.7224174461204851,0.9652995869898157,0.1140921678420461,0.6671803971325719,450.7
0.7,20,24,None,0.6562299499550879,0.6846047806041006,0.9619905092123053,0.13396007462077947,0.7573533129548066,431.1
