address,interactors_funded,checked_on,blockscout_url,etherscan_url,blockscout_name,blockscout_name_tags,blockscout_generic_tags,blockscout_is_contract,blockscout_entity_tag
0x72e2f4830b9e45d52f80ac08cb2bec0fef72ed9c,7518,2026-10-02,https://eth.blockscout.com/address/0x72e2f4830b9e45d52f80ac08cb2bec0fef72ed9c,https://etherscan.io/address/0x72e2f4830b9e45d52f80ac08cb2bec0fef72ed9c,Stargate Ether Vault,Stargate Finance: SGETH Token; StargateEthVault; Stargate Finance,Token Contract; DeFi,True,True
0x80c67432656d59144ceff962e8faf8926599bcf8,3335,2026-10-02,https://eth.blockscout.com/address/0x80c67432656d59144ceff962e8faf8926599bcf8,https://etherscan.io/address/0x80c67432656d59144ceff962e8faf8926599bcf8,,Orbiter Finance: Bridge; Orbiter Finance,Bridge,False,True
0xe4edb277e41dc89ab076a1f049f4a3efa700bce8,2085,2026-10-02,https://eth.blockscout.com/address/0xe4edb277e41dc89ab076a1f049f4a3efa700bce8,https://etherscan.io/address/0xe4edb277e41dc89ab076a1f049f4a3efa700bce8,,Orbiter Finance: Bridge 2; Orbiter Finance,Bridge,False,True
0xd152f549545093347a162dce210e7293f1452150,2034,2026-10-02,https://eth.blockscout.com/address/0xd152f549545093347a162dce210e7293f1452150,https://etherscan.io/address/0xd152f549545093347a162dce210e7293f1452150,Disperse,Disperse.app,note_0,True,True
0x902f09715b6303d4173037652fa7377e5b98089e,1295,2026-10-02,https://eth.blockscout.com/address/0x902f09715b6303d4173037652fa7377e5b98089e,https://etherscan.io/address/0x902f09715b6303d4173037652fa7377e5b98089e,OptimizedTransparentUpgradeableProxy,Relayer V2; Layer Zero; Bridge,,True,True
0x4d9079bb4165aeb4084c526a32695dcfd2f77381,1279,2026-10-02,https://eth.blockscout.com/address/0x4d9079bb4165aeb4084c526a32695dcfd2f77381,https://etherscan.io/address/0x4d9079bb4165aeb4084c526a32695dcfd2f77381,Ethereum_SpokePool,Across Protocol: Old Ethereum Spoke Pool V2 ; ESP V2; Ethereum_SpokePool; Across Protocol; Bridge,Bridge,True,True
0xff1f2b4adb9df6fc8eafecdcbf96a2b351680455,963,2026-10-02,https://eth.blockscout.com/address/0xff1f2b4adb9df6fc8eafecdcbf96a2b351680455,https://etherscan.io/address/0xff1f2b4adb9df6fc8eafecdcbf96a2b351680455,TransparentUpgradeableProxy,Rollup Processor V2; Aztec: Connect; Aztec,,True,True
0x5c7bcd6e7de5423a257d81b442095a1a6ced35c5,555,2026-10-02,https://eth.blockscout.com/address/0x5c7bcd6e7de5423a257d81b442095a1a6ced35c5,https://etherscan.io/address/0x5c7bcd6e7de5423a257d81b442095a1a6ced35c5,ERC1967Proxy,Ethereum Spoke Pool Proxy; ETH Spokepool; Across Protocol,,True,True
0xea674fdde714fd979de3edf0f56aa9716b898ec8,450,2026-10-02,https://eth.blockscout.com/address/0xea674fdde714fd979de3edf0f56aa9716b898ec8,https://etherscan.io/address/0xea674fdde714fd979de3edf0f56aa9716b898ec8,,Ethermine,Mining; Miner,False,True
0xc3ca38091061e3e5358a52d74730f16c60ca9c26,375,2026-10-02,https://eth.blockscout.com/address/0xc3ca38091061e3e5358a52d74730f16c60ca9c26,https://etherscan.io/address/0xc3ca38091061e3e5358a52d74730f16c60ca9c26,TransferRegistry,Rhino.fi: Transfer Proxy; TransferRegistry; Rhino.fi,,True,True
0x2796317b0ff8538f253012862c06787adfb8ceb6,304,2026-10-02,https://eth.blockscout.com/address/0x2796317b0ff8538f253012862c06787adfb8ceb6,https://etherscan.io/address/0x2796317b0ff8538f253012862c06787adfb8ceb6,TransparentUpgradeableProxy,Ethereum Bridge; Synapse: Bridge; Synapse,Bridge,True,True
0xd1917932a7db6af687b523d5db5d7f5c2734763f,217,2026-10-02,https://eth.blockscout.com/address/0xd1917932a7db6af687b523d5db5d7f5c2734763f,https://etherscan.io/address/0xd1917932a7db6af687b523d5db5d7f5c2734763f,BulksenderProxy,Bulksender.app,Airdrop / Distributor,True,True
0x910cbd523d972eb0a6f4cae4618ad62622b39dbf,210,2026-10-02,https://eth.blockscout.com/address/0x910cbd523d972eb0a6f4cae4618ad62622b39dbf,https://etherscan.io/address/0x910cbd523d972eb0a6f4cae4618ad62622b39dbf,TornadoCash_eth,Tornado.Cash: 10 ETH; 10 ETH; Fixed pool 10 eth; Tornado.Cash,OFAC Sanctions Lists; SANCTIONED; BLOCKED; Mixer,True,True
0x4025ee6512dbbda97049bcf5aa5d38c54af6be8a,200,2026-10-02,https://eth.blockscout.com/address/0x4025ee6512dbbda97049bcf5aa5d38c54af6be8a,https://etherscan.io/address/0x4025ee6512dbbda97049bcf5aa5d38c54af6be8a,,Railgun: WETH Helper; Railgun,note_0,True,True
0xe7351fd770a37282b91d153ee690b63579d6dd7f,194,2026-10-02,https://eth.blockscout.com/address/0xe7351fd770a37282b91d153ee690b63579d6dd7f,https://etherscan.io/address/0xe7351fd770a37282b91d153ee690b63579d6dd7f,TransparentUpgradeableProxy,deBridge: DlnDestination; deBridge,,True,True
0x47ce0c6ed5b0ce3d3a51fdb1c52dc66a7c3c2936,177,2026-10-02,https://eth.blockscout.com/address/0x47ce0c6ed5b0ce3d3a51fdb1c52dc66a7c3c2936,https://etherscan.io/address/0x47ce0c6ed5b0ce3d3a51fdb1c52dc66a7c3c2936,TornadoCash_eth,Tornado.Cash: 1 ETH; 1 ETH; Fixed pool 1 eth; Tornado.Cash,OFAC Sanctions Lists; SANCTIONED; BLOCKED; Mixer,True,True
0xd37bbe5744d730a1d98d8dc97c42f0ca46ad7146,157,2026-10-02,https://eth.blockscout.com/address/0xd37bbe5744d730a1d98d8dc97c42f0ca46ad7146,https://etherscan.io/address/0xd37bbe5744d730a1d98d8dc97c42f0ca46ad7146,THORChain_Router,THORChain: THORChain Router v4.1.1; THORChain,Router; note_0,True,True
0xcec8f07014d889442d7cf3b477b8f72f8179ea09,146,2026-10-02,https://eth.blockscout.com/address/0xcec8f07014d889442d7cf3b477b8f72f8179ea09,https://etherscan.io/address/0xcec8f07014d889442d7cf3b477b8f72f8179ea09,CoinToolProxy,MultiSender; CoinTool,Airdrop / Distributor,True,True
0xa5025faba6e70b84f74e9b1113e5f7f4e7f4859f,139,2026-10-02,https://eth.blockscout.com/address/0xa5025faba6e70b84f74e9b1113e5f7f4e7f4859f,https://etherscan.io/address/0xa5025faba6e70b84f74e9b1113e5f7f4e7f4859f,EternalStorageProxyForStormMultisender,Multisender.app: Old Contract; Multisender.app,Airdrop / Distributor; note_0,True,True
0xa160cdab225685da1d56aa342ad8841c3b53f291,99,2026-10-02,https://eth.blockscout.com/address/0xa160cdab225685da1d56aa342ad8841c3b53f291,https://etherscan.io/address/0xa160cdab225685da1d56aa342ad8841c3b53f291,TornadoCash_eth,Tornado.Cash: 100 ETH; 100 ETH; Tornado.Cash,OFAC Sanctions Lists; SANCTIONED; BLOCKED; Mixer,True,True
0x12d66f87a04a9e220743712ce6d9bb1b5616b8fc,93,2026-10-02,https://eth.blockscout.com/address/0x12d66f87a04a9e220743712ce6d9bb1b5616b8fc,https://etherscan.io/address/0x12d66f87a04a9e220743712ce6d9bb1b5616b8fc,TornadoCash_Eth_01,Tornado.Cash: 0.1 ETH; 0.1 ETH; TornadoCash_Eth_01; Tornado.Cash,OFAC Sanctions Lists; SANCTIONED; BLOCKED; Mixer,True,True
0x52bc44d5378309ee2abf1539bf71de1b7d7be3b5,91,2026-10-02,https://eth.blockscout.com/address/0x52bc44d5378309ee2abf1539bf71de1b7d7be3b5,https://etherscan.io/address/0x52bc44d5378309ee2abf1539bf71de1b7d7be3b5,,Nanopool,Mining,False,True
0x9d1a92e601db0901e69bd810029f2c14bcca3128,85,2026-10-02,https://eth.blockscout.com/address/0x9d1a92e601db0901e69bd810029f2c14bcca3128,https://etherscan.io/address/0x9d1a92e601db0901e69bd810029f2c14bcca3128,WooCrossChainRouterV2,,,True,False
0xdbd324b73f6f85bf9013b75c442021303b635ff9,71,2026-10-02,https://eth.blockscout.com/address/0xdbd324b73f6f85bf9013b75c442021303b635ff9,https://etherscan.io/address/0xdbd324b73f6f85bf9013b75c442021303b635ff9,,Withdrawal; Sorare,,True,True
0x70423fc4400c3dc01168ebe23f68d0f3ee9a0123,64,2026-10-02,https://eth.blockscout.com/address/0x70423fc4400c3dc01168ebe23f68d0f3ee9a0123,https://etherscan.io/address/0x70423fc4400c3dc01168ebe23f68d0f3ee9a0123,,,,True,False
0xf4b00c937b4ec4bb5ac051c3c719036c668a31ec,64,2026-10-02,https://eth.blockscout.com/address/0xf4b00c937b4ec4bb5ac051c3c719036c668a31ec,https://etherscan.io/address/0xf4b00c937b4ec4bb5ac051c3c719036c668a31ec,,Secret Network: Bridge; Bridge; Secret Network,Bridge; Mixing,True,True
0x6607afdcbc3aca6f811c4ebb5ce7a1e919eff094,63,2026-10-02,https://eth.blockscout.com/address/0x6607afdcbc3aca6f811c4ebb5ce7a1e919eff094,https://etherscan.io/address/0x6607afdcbc3aca6f811c4ebb5ce7a1e919eff094,,,,True,False
0x09350f89e2d7b6e96ba730783c2d76137b045fef,62,2026-10-02,https://eth.blockscout.com/address/0x09350f89e2d7b6e96ba730783c2d76137b045fef,https://etherscan.io/address/0x09350f89e2d7b6e96ba730783c2d76137b045fef,GasliteDrop,Gaslite: Drop; Gaslite,,True,True
0xf3f04555f8fda510bfc77820fd6eb8446f59e72d,54,2026-10-02,https://eth.blockscout.com/address/0xf3f04555f8fda510bfc77820fd6eb8446f59e72d,https://etherscan.io/address/0xf3f04555f8fda510bfc77820fd6eb8446f59e72d,MayanSwap,Mayan Swap: Bridge; Mayan Swap,,True,True
0xe9e4dfabbde4d16b890dfc068d9f27a4a623d338,52,2026-10-02,https://eth.blockscout.com/address/0xe9e4dfabbde4d16b890dfc068d9f27a4a623d338,https://etherscan.io/address/0xe9e4dfabbde4d16b890dfc068d9f27a4a623d338,Disperse,,,True,False
0x4fd39c9e151e50580779bd04b1f7ecc310079fd3,51,2026-10-02,https://eth.blockscout.com/address/0x4fd39c9e151e50580779bd04b1f7ecc310079fd3,https://etherscan.io/address/0x4fd39c9e151e50580779bd04b1f7ecc310079fd3,SquidMulticall,SquidMulticall; Squid,,True,True
0x4dadd7c7609e78aef9aa3c40d70fe0ca326d8fe1,50,2026-10-02,https://eth.blockscout.com/address/0x4dadd7c7609e78aef9aa3c40d70fe0ca326d8fe1,https://etherscan.io/address/0x4dadd7c7609e78aef9aa3c40d70fe0ca326d8fe1,GnosisSafeProxy,,,True,False
